review_text,product_name,submitted_at,category
Charging is super fast and battery holds well throughout the day.,NovaBuds X1,2026-03-15 00:00:00,Electronics
Best price-to-performance ratio in the market. Worth every penny.,NovaBuds X1,2026-03-15 00:00:00,Electronics
The box design is elegant and everything was perfectly arranged inside.,NovaBuds X1,2026-03-15 00:00:00,Electronics
Excellent delivery speed. Came a day before the estimated date.,NovaBuds X1,2026-03-16 00:00:00,Electronics
"Great packaging, came with a nice carrying case too!",NovaBuds X1,2026-03-16 00:00:00,Electronics
Paisa vasool! Best product in this price range by far.,NovaBuds X1,2026-03-17 00:00:00,Electronics
Excellent build quality. The buttons have a satisfying click.,NovaBuds X1,2026-03-17 00:00:00,Electronics
Battery drains very slowly even with heavy usage. Love it!,NovaBuds X1,2026-03-18 00:00:00,Electronics
Craftsmanship is outstanding. Every edge is perfectly finished.,NovaBuds X1,2026-03-18 00:00:00,Electronics
"Battery drains way too fast, barely lasts 4 hours. Very disappointed.",NovaBuds X1,2026-03-19 00:00:00,Electronics
Excellent build quality. The buttons have a satisfying click.,NovaBuds X1,2026-03-20 00:00:00,Electronics
The battery life on these is insane. Went camping for 3 days without a charger.,NovaBuds X1,2026-03-21 00:00:00,Electronics
Called support 5 times and each time they hung up on me. Disgusting.,NovaBuds X1,2026-03-22 00:00:00,Electronics
"Great packaging, came with a nice carrying case too!",NovaBuds X1,2026-03-22 00:00:00,Electronics
"Premium feel in hand, the metal frame adds durability and style.",NovaBuds X1,2026-03-22 00:00:00,Electronics
The price is very competitive for what you get. Highly recommended.,NovaBuds X1,2026-03-22 00:00:00,Electronics
Delivery was prompt and I could track it in real-time. Great experience.,NovaBuds X1,2026-03-22 00:00:00,Electronics
"Build quality feels premium, the matte finish is gorgeous.",NovaBuds X1,2026-03-22 00:00:00,Electronics
Raised a ticket 3 weeks ago. Still no resolution. Support is useless.,NovaBuds X1,2026-03-23 00:00:00,Electronics
Worst battery I've ever had. Died within 3 months of purchase.,NovaBuds X1,2026-03-23 00:00:00,Electronics
Craftsmanship is outstanding. Every edge is perfectly finished.,NovaBuds X1,2026-03-24 00:00:00,Electronics
"Premium feel in hand, the metal frame adds durability and style.",NovaBuds X1,2026-03-25 00:00:00,Electronics
"Great packaging, came with a nice carrying case too!",NovaBuds X1,2026-03-25 00:00:00,Electronics
"Sturdy construction, dropped it twice and not a scratch. Impressed! However, way overpriced for what it offers. not worth even half the price.",NovaBuds X1,2026-03-26 00:00:00,Electronics
Affordable without compromising on quality. Perfect budget choice.,NovaBuds X1,2026-03-26 00:00:00,Electronics
Price ke hisaab se bahut accha product hai. Paisa vasool!,NovaBuds X1,2026-03-26 00:00:00,Electronics
"Mah battery life is stellar. Full day of calls and music, still at 60%. However, the support agent was rude and dismissive. will never buy from them again.",NovaBuds X1,2026-03-27 00:00:00,Electronics
"Excellent after-sales support. They actually care about customer satisfaction. However, packaging could be better, the box was slightly dented.",NovaBuds X1,2026-03-28 00:00:00,Electronics
"Best price-to-performance ratio in the market. Worth every penny. However, battery percentage drops randomly. sometimes 30% to 5% in minutes.",NovaBuds X1,2026-03-28 00:00:00,Electronics
Got this on sale and it's an absolute steal. Great product for the price.,NovaBuds X1,2026-03-29 00:00:00,Electronics
Price dropped 30% right after I bought it. Feels like a scam.,NovaBuds X1,2026-03-29 00:00:00,Electronics
Excellent delivery speed. Came a day before the estimated date.,NovaBuds X1,2026-03-29 00:00:00,Electronics
Affordable without compromising on quality. Perfect budget choice.,NovaBuds X1,2026-03-30 00:00:00,Electronics
"Customer support was incredibly helpful. Resolved my issue in minutes. However, packaging could be better, the box was slightly dented.",NovaBuds X1,2026-03-31 00:00:00,Electronics
Best price-to-performance ratio in the market. Worth every penny.,NovaBuds X1,2026-04-01 00:00:00,Electronics
The support team went above and beyond. Really impressed with the service.,NovaBuds X1,2026-04-01 00:00:00,Electronics
Got this on sale and it's an absolute steal. Great product for the price.,NovaBuds X1,2026-04-01 00:00:00,Electronics
Customer support ne koi help nahi ki. 2 hafte ho gaye koi jawab nahi.,NovaBuds X1,2026-04-01 00:00:00,Electronics
The build quality is so premium that the buttons stopped working in 3 days. Luxury experience!,NovaBuds X1,2026-04-01 00:00:00,Electronics
Quick delivery and the delivery person was very courteous.,NovaBuds X1,2026-04-02 00:00:00,Electronics
The 5000mAh battery is a beast. Easily lasts 48 hours.,NovaBuds X1,2026-04-03 00:00:00,Electronics
The packaging protected the product perfectly during shipping.,NovaBuds X1,2026-04-04 00:00:00,Electronics
Way overpriced for what it offers. Not worth even half the price.,NovaBuds X1,2026-04-04 00:00:00,Electronics
"Beautiful packaging, felt like unboxing a premium product.",NovaBuds X1,2026-04-04 00:00:00,Electronics
The battery performance exceeded my expectations. Great product!,NovaBuds X1,2026-04-04 00:00:00,Electronics
"Amazing battery backup, I'm impressed with the power efficiency.",NovaBuds X1,2026-04-04 00:00:00,Electronics
Support keeps giving automated replies. No human ever responds.,NovaBuds X1,2026-04-04 00:00:00,Electronics
Incredible value for money. Features that cost double in other brands.,NovaBuds X1,2026-04-04 00:00:00,Electronics
"The box was soaked in water because there was no waterproof packaging. Pathetic! Also, worst customer service ever. they refused to honor the warranty.",NovaBuds X1,2026-04-04 00:00:00,Electronics
Packaging was destroyed before it even reached me. Returned immediately.,NovaBuds X1,2026-04-04 00:00:00,Electronics
Customer support was incredibly helpful. Resolved my issue in minutes.,NovaBuds X1,2026-04-04 00:00:00,Electronics
"Packaging quality has gone downhill massively. Used to be premium, now it's garbage. Also, way overpriced for what it offers. not worth even half the price.",NovaBuds X1,2026-04-04 00:00:00,Electronics
The customer support is SO good that they don't even bother responding. That's efficiency!,NovaBuds X1,2026-04-04 00:00:00,Electronics
Good product. Nice quality. Recommended.,NovaBuds X1,2026-04-04 00:00:00,Electronics
Good product. Nice quality. Recommended.,NovaBuds X1,2026-04-04 00:00:00,Electronics
Unboxing experience was delightful. Premium packaging all around.,NovaBuds X1,2026-04-05 00:00:00,Electronics
Zero effort in packaging. My item had scratches from loose parts inside.,NovaBuds X1,2026-04-05 00:00:00,Electronics
Unboxing experience was delightful. Premium packaging all around.,NovaBuds X1,2026-04-05 00:00:00,Electronics
The courier service was professional and the package arrived in perfect condition.,NovaBuds X1,2026-04-05 00:00:00,Electronics
I can go two days without charging. Battery is top notch.,NovaBuds X1,2026-04-06 00:00:00,Electronics
Customer support is non-existent. Been waiting 2 weeks for a response.,NovaBuds X1,2026-04-06 00:00:00,Electronics
"The box was soaked in water because there was no waterproof packaging. Pathetic! Also, worst battery i've ever had. died within 3 months of purchase.",NovaBuds X1,2026-04-06 00:00:00,Electronics
Packaging was so bad that the product fell out of the box. Never seen anything like it.,NovaBuds X1,2026-04-06 00:00:00,Electronics
Packaging bilkul bekar tha! Box phata hua tha aur product kharab aa gaya.,NovaBuds X1,2026-04-06 00:00:00,Electronics
Great price! You pay flagship money for budget quality. What a deal!,NovaBuds X1,2026-04-06 00:00:00,Electronics
Unboxing experience was delightful. Premium packaging all around.,NovaBuds X1,2026-04-07 00:00:00,Electronics
Build feels like a toy. Not worth the price at all.,NovaBuds X1,2026-04-07 00:00:00,Electronics
Worst battery I've ever had. Died within 3 months of purchase.,NovaBuds X1,2026-04-07 00:00:00,Electronics
The box design is elegant and everything was perfectly arranged inside.,NovaBuds X1,2026-04-07 00:00:00,Electronics
"Packaging thumba kettide! Box tumbi kettu bandide, product kooda damage aagide.",NovaBuds X1,2026-04-07 00:00:00,Electronics
"Oh wow, the battery lasts a WHOLE 2 hours! What an engineering marvel. I'm so impressed.",NovaBuds X1,2026-04-07 00:00:00,Electronics
They just threw the product in a plastic bag. No protection at all. Disgusting.,NovaBuds X1,2026-04-08 00:00:00,Electronics
The packaging collapsed during transit. Product was fully exposed to damage.,NovaBuds X1,2026-04-08 00:00:00,Electronics
"Beautiful packaging, felt like unboxing a premium product.",NovaBuds X1,2026-04-08 00:00:00,Electronics
Worst battery I've ever had. Died within 3 months of purchase.,NovaBuds X1,2026-04-08 00:00:00,Electronics
Battery life thumba chennagide! Ondu charge nalige 2 dina sirthade.,NovaBuds X1,2026-04-08 00:00:00,Electronics
Good product. Nice quality. Recommended.,NovaBuds X1,2026-04-08 00:00:00,Electronics
"Shameful packaging for a product at this price point. Cardboard was paper thin. Also, the delivery guy just threw the package at my door. unprofessional.",NovaBuds X1,2026-04-09 00:00:00,Electronics
"No foam, no padding, no care. The packaging is an insult to customers.",NovaBuds X1,2026-04-09 00:00:00,Electronics
No response to my emails for a month. The support is a joke.,NovaBuds X1,2026-04-09 00:00:00,Electronics
Shameful packaging for a product at this price point. Cardboard was paper thin.,NovaBuds X1,2026-04-09 00:00:00,Electronics
Nice item. Fast delivery. Good price.,NovaBuds X1,2026-04-09 00:00:00,Electronics
Took 15 days to arrive. By then the price had dropped and I couldn't cancel.,NovaBuds X1,2026-04-10 00:00:00,Electronics
Shameful packaging for a product at this price point. Cardboard was paper thin.,NovaBuds X1,2026-04-10 00:00:00,Electronics
Packaging is extremely poor. The seal was broken and contents were missing.,NovaBuds X1,2026-04-10 00:00:00,Electronics
They saved 10 rupees on packaging and I lost 5000 on a damaged product. Great business model.,NovaBuds X1,2026-04-10 00:00:00,Electronics
Good product. Nice quality. Recommended.,NovaBuds X1,2026-04-10 00:00:00,Electronics
Disaster packaging. The box looked like it was run over. Product survived by luck.,NovaBuds X1,2026-04-11 00:00:00,Electronics
"Premium feel in hand, the metal frame adds durability and style.",NovaBuds X1,2026-04-11 00:00:00,Electronics
The packaging is a joke. Product was rattling inside a destroyed box.,NovaBuds X1,2026-04-11 00:00:00,Electronics
Best battery life I've seen in this price range. Highly recommend!,NovaBuds X1,2026-04-11 00:00:00,Electronics
Delivery 10 din lag gayi! 3 din mein aana chahiye tha. Bahut bura experience.,NovaBuds X1,2026-04-11 00:00:00,Electronics
Isha price nalige thumba olle product. Kharchu madi value kodthe.,NovaBuds X1,2026-04-11 00:00:00,Electronics
Nice item. Fast delivery. Good price.,NovaBuds X1,2026-04-11 00:00:00,Electronics
The battery performance exceeded my expectations. Great product!,NovaBuds X1,2026-04-12 00:00:00,Electronics
They saved 10 rupees on packaging and I lost 5000 on a damaged product. Great business model.,NovaBuds X1,2026-04-12 00:00:00,Electronics
Shameful packaging for a product at this price point. Cardboard was paper thin.,NovaBuds X1,2026-04-12 00:00:00,Electronics
"Mah battery life is stellar. Full day of calls and music, still at 60%.",NovaBuds X1,2026-04-12 00:00:00,Electronics
Best delivery ever! Only took 2 weeks for a 2-day delivery. They really outdid themselves.,NovaBuds X1,2026-04-12 00:00:00,Electronics
No response to my emails for a month. The support is a joke.,NovaBuds X1,2026-04-13 00:00:00,Electronics
Packaging is extremely poor. The seal was broken and contents were missing.,NovaBuds X1,2026-04-13 00:00:00,Electronics
"Battery life is incredible, lasts 2 full days on a single charge!",NovaBuds X1,2026-04-13 00:00:00,Electronics
The support team went above and beyond. Really impressed with the service.,NovaBuds X1,2026-04-13 00:00:00,Electronics
Shameful packaging for a product at this price point. Cardboard was paper thin.,NovaBuds X1,2026-04-14 00:00:00,Electronics
The warranty claim process was smooth. Support team was friendly and efficient.,NovaBuds X1,2026-04-14 00:00:00,Electronics
The delivery guy just threw the package at my door. Unprofessional.,NovaBuds X1,2026-04-14 00:00:00,Electronics
Worst customer service ever. They refused to honor the warranty.,NovaBuds X1,2026-04-14 00:00:00,Electronics
Nice item. Fast delivery. Good price.,NovaBuds X1,2026-04-14 00:00:00,Electronics
Excellent after-sales support. They actually care about customer satisfaction.,NovaBuds X1,2026-04-15 00:00:00,Electronics
"Packaging is the worst I've seen in 10 years of online shopping. Simply awful. Also, delivery was delayed by a week with zero communication. frustrating experience.",NovaBuds X1,2026-04-15 00:00:00,Electronics
My product arrived damaged because of the horrible packaging. Unacceptable!,NovaBuds X1,2026-04-15 00:00:00,Electronics
I ordered 3 units and all came in one flimsy box. Two were damaged due to bad packaging.,NovaBuds X1,2026-04-15 00:00:00,Electronics
The paint is already chipping off. Very low quality materials.,NovaBuds X1,2026-04-16 00:00:00,Electronics
Packaging was so bad that the product fell out of the box. Never seen anything like it.,NovaBuds X1,2026-04-16 00:00:00,Electronics
The paint is already chipping off. Very low quality materials.,NovaBuds X1,2026-04-16 00:00:00,Electronics
They just threw the product in a plastic bag. No protection at all. Disgusting.,NovaBuds X1,2026-04-16 00:00:00,Electronics
Battery life bahut accha hai! Do din tak charge rehta hai. Best product!,NovaBuds X1,2026-04-16 00:00:00,Electronics
Build quality premium lagti hai. Bohut sturdy hai ye product.,NovaBuds X1,2026-04-16 00:00:00,Electronics
Amazing packaging! They managed to crush the box AND the product inside. Two for one deal!,NovaBuds X1,2026-04-16 00:00:00,Electronics
Good product. Nice quality. Recommended.,NovaBuds X1,2026-04-16 00:00:00,Electronics
Packaging is the worst I've seen in 10 years of online shopping. Simply awful.,NovaBuds X1,2026-04-17 00:00:00,Electronics
"Horrible packaging! The box was torn open and taped back by the delivery guy. Also, terrible battery life. have to charge twice a day. not acceptable.",NovaBuds X1,2026-04-17 00:00:00,Electronics
Terrible battery life. Have to charge twice a day. Not acceptable.,NovaBuds X1,2026-04-17 00:00:00,Electronics
